<metadata xml:lang="nl"><Esri><CreaDate>20220301</CreaDate><CreaTime>10162600</CreaTime><ArcGISFormat>1.0</ArcGISFormat><SyncOnce>FALSE</SyncOnce><DataProperties><lineage><Process ToolSource="c:\program files (x86)\arcgis\desktop10.8\ArcToolbox\Toolboxes\Data Management Tools.tbx\AddIndex" Date="20210915" Time="180030">AddIndex C:\Content\SDE\BAG2\bag2@postgresqlb\bag2_huidig.sde\Verblijfsobject VersieID;Identificatie VBO_VersieIdId NON_UNIQUE NON_ASCENDING</Process><Process ToolSource="c:\program files (x86)\arcgis\desktop10.8\ArcToolbox\Toolboxes\Data Management Tools.tbx\ChangePrivileges" Date="20210916" Time="092532">ChangePrivileges C:\Content\SDE\BAG2\bag2@postgresqlb\bag2_huidig.sde\bag2.bag2_huidig.Adres;C:\Content\SDE\BAG2\bag2@postgresqlb\bag2_huidig.sde\bag2.bag2_huidig.Ligplaats;C:\Content\SDE\BAG2\bag2@postgresqlb\bag2_huidig.sde\bag2.bag2_huidig.Ligplaats_p;C:\Content\SDE\BAG2\bag2@postgresqlb\bag2_huidig.sde\bag2.bag2_huidig.Pand;C:\Content\SDE\BAG2\bag2@postgresqlb\bag2_huidig.sde\bag2.bag2_huidig.Standplaats;C:\Content\SDE\BAG2\bag2@postgresqlb\bag2_huidig.sde\bag2.bag2_huidig.Standplaats_p;C:\Content\SDE\BAG2\bag2@postgresqlb\bag2_huidig.sde\bag2.bag2_huidig.Verblijfsobject;C:\Content\SDE\BAG2\bag2@postgresqlb\bag2_huidig.sde\bag2.bag2_huidig.Verblijfsobject_v;C:\Content\SDE\BAG2\bag2@postgresqlb\bag2_huidig.sde\bag2.bag2_huidig.Woonplaats;C:\Content\SDE\BAG2\bag2@postgresqlb\bag2_huidig.sde\bag2.bag2_huidig.Actualiteit;C:\Content\SDE\BAG2\bag2@postgresqlb\bag2_huidig.sde\bag2.bag2_huidig.Nummeraanduiding;C:\Content\SDE\BAG2\bag2@postgresqlb\bag2_huidig.sde\bag2.bag2_huidig.OpenbareRuimte;C:\Content\SDE\BAG2\bag2@postgresqlb\bag2_huidig.sde\bag2.bag2_huidig.Verwerking;C:\Content\SDE\BAG2\bag2@postgresqlb\bag2_huidig.sde\bag2.bag2_huidig.Adres_Pand;C:\Content\SDE\BAG2\bag2@postgresqlb\bag2_huidig.sde\bag2.bag2_huidig.Ligplaats_Nevenadres;C:\Content\SDE\BAG2\bag2@postgresqlb\bag2_huidig.sde\bag2.bag2_huidig.Standplaats_Nevenadres;C:\Content\SDE\BAG2\bag2@postgresqlb\bag2_huidig.sde\bag2.bag2_huidig.Verblijfsobject_Nevenadres;C:\Content\SDE\BAG2\bag2@postgresqlb\bag2_huidig.sde\bag2.bag2_huidig.Verblijfsobject_Pand bag2_huidig_ro GRANT #</Process><Process ToolSource="c:\program files (x86)\arcgis\desktop10.8\ArcToolbox\Toolboxes\Data Management Tools.tbx\AddIndex" Date="20220301" Time="113056">AddIndex C:\Content\Data\BAG2\Export\Dataset\BAG.gdb\Verblijfsobject VersieID;identificatie;oppervlakte;hoofdadresid;gebruiksdoel1 Ix_Verblijfsobject NON_UNIQUE NON_ASCENDING</Process><Process ToolSource="c:\program files\arcgis\pro\Resources\ArcToolbox\toolboxes\Conversion Tools.tbx\FeatureClassToFeatureClass" Date="20220407" Time="134838">FeatureClassToFeatureClass "Verblijfsobject selection" C:\Users\6689922\Documents\SSML verblijsobject_utrecht.shp # "versieid "VersieID" true true false 26 Text 0 0,First,#,Verblijfsobject selection,versieid,0,26;identificatie "Identificatie" true true false 16 Text 0 0,First,#,Verblijfsobject selection,identificatie,0,16;voorkomenidentificatie "Voorkomenidentificatie" true true false 4 Long 0 0,First,#,Verblijfsobject selection,voorkomenidentificatie,-1,-1;oppervlakte "Oppervlakte" true true false 4 Long 0 0,First,#,Verblijfsobject selection,oppervlakte,-1,-1;gebruiksdoel "Gebruiksdoel" true true false 255 Text 0 0,First,#,Verblijfsobject selection,gebruiksdoel,0,255;gebruiksdoel1 "Gebruiksdoel1" true true false 23 Text 0 0,First,#,Verblijfsobject selection,gebruiksdoel1,0,23;gebr_woonfunctie "Gebr_woonfunctie" true true false 2 Short 0 0,First,#,Verblijfsobject selection,gebr_woonfunctie,-1,-1;gebr_bijeenkomstfunctie "Gebr_bijeenkomstfunctie" true true false 2 Short 0 0,First,#,Verblijfsobject selection,gebr_bijeenkomstfunctie,-1,-1;gebr_celfunctie "Gebr_celfunctie" true true false 2 Short 0 0,First,#,Verblijfsobject selection,gebr_celfunctie,-1,-1;gebr_gezondheidszorgfunctie "Gebr_gezondheidszorgfunctie" true true false 2 Short 0 0,First,#,Verblijfsobject selection,gebr_gezondheidszorgfunctie,-1,-1;gebr_industriefunctie "Gebr_industriefunctie" true true false 2 Short 0 0,First,#,Verblijfsobject selection,gebr_industriefunctie,-1,-1;gebr_kantoorfunctie "Gebr_kantoorfunctie" true true false 2 Short 0 0,First,#,Verblijfsobject selection,gebr_kantoorfunctie,-1,-1;gebr_logiesfunctie "Gebr_logiesfunctie" true true false 2 Short 0 0,First,#,Verblijfsobject selection,gebr_logiesfunctie,-1,-1;gebr_onderwijsfunctie "Gebr_onderwijsfunctie" true true false 2 Short 0 0,First,#,Verblijfsobject selection,gebr_onderwijsfunctie,-1,-1;gebr_sportfunctie "Gebr_sportfunctie" true true false 2 Short 0 0,First,#,Verblijfsobject selection,gebr_sportfunctie,-1,-1;gebr_winkelfunctie "Gebr_winkelfunctie" true true false 2 Short 0 0,First,#,Verblijfsobject selection,gebr_winkelfunctie,-1,-1;gebr_overige_gebruiksfunctie "Gebr_overige_gebruiksfunctie" true true false 2 Short 0 0,First,#,Verblijfsobject selection,gebr_overige_gebruiksfunctie,-1,-1;geconstateerd "Geconstateerd" true true false 1 Text 0 0,First,#,Verblijfsobject selection,geconstateerd,0,1;status "Status" true true false 80 Text 0 0,First,#,Verblijfsobject selection,status,0,80;begingeldigheid "BeginGeldigheid" true true false 10 Text 0 0,First,#,Verblijfsobject selection,begingeldigheid,0,10;eindgeldigheid "EindGeldigheid" true true false 10 Text 0 0,First,#,Verblijfsobject selection,eindgeldigheid,0,10;documentdatum "Documentdatum" true true false 10 Text 0 0,First,#,Verblijfsobject selection,documentdatum,0,10;documentnummer "Documentnummer" true true false 40 Text 0 0,First,#,Verblijfsobject selection,documentnummer,0,40;tijdstipregistratie "TijdstipRegistratie" true true false 23 Text 0 0,First,#,Verblijfsobject selection,tijdstipregistratie,0,23;eindregistratie "EindRegistratie" true true false 23 Text 0 0,First,#,Verblijfsobject selection,eindregistratie,0,23;tijdstipregistratielv "TijdstipRegistratieLV" true true false 23 Text 0 0,First,#,Verblijfsobject selection,tijdstipregistratielv,0,23;tijdstipeindregistratielv "TijdstipEindRegistratieLV" true true false 23 Text 0 0,First,#,Verblijfsobject selection,tijdstipeindregistratielv,0,23;hoofdadresid "HoofdadresID" true true false 16 Text 0 0,First,#,Verblijfsobject selection,hoofdadresid,0,16;geometrietype "Geometrietype" true true false 4 Text 0 0,First,#,Verblijfsobject selection,geometrietype,0,4" #</Process></lineage><itemProps><itemLocation><linkage Sync="TRUE">file://\\UU066795\C$\Users\6689922\Documents\SSML\verblijsobject_utrecht.shp</linkage><protocol Sync="TRUE">Local Area Network</protocol></itemLocation><itemName Sync="TRUE">verblijsobject_utrecht</itemName><imsContentType Sync="TRUE">002</imsContentType><itemSize Sync="TRUE">0.000</itemSize></itemProps><coordRef><type Sync="TRUE">Projected</type><geogcsn Sync="TRUE">GCS_Amersfoort</geogcsn><csUnits Sync="TRUE">Linear Unit: Meter (1.000000)</csUnits><projcsn Sync="TRUE">RD_New</projcsn><peXml Sync="TRUE">&lt;ProjectedCoordinateSystem xsi:type='typens:ProjectedCoordinateSystem' xmlns:xsi='http://www.w3.org/2001/XMLSchema-instance' xmlns:xs='http://www.w3.org/2001/XMLSchema' xmlns:typens='http://www.esri.com/schemas/ArcGIS/2.8.0'&gt;&lt;WKT&gt;PROJCS[&amp;quot;RD_New&amp;quot;,GEOGCS[&amp;quot;GCS_Amersfoort&amp;quot;,DATUM[&amp;quot;D_Amersfoort&amp;quot;,SPHEROID[&amp;quot;Bessel_1841&amp;quot;,6377397.155,299.1528128]],PRIMEM[&amp;quot;Greenwich&amp;quot;,0.0],UNIT[&amp;quot;Degree&amp;quot;,0.0174532925199433]],PROJECTION[&amp;quot;Double_Stereographic&amp;quot;],PARAMETER[&amp;quot;False_Easting&amp;quot;,155000.0],PARAMETER[&amp;quot;False_Northing&amp;quot;,463000.0],PARAMETER[&amp;quot;Central_Meridian&amp;quot;,5.38763888888889],PARAMETER[&amp;quot;Scale_Factor&amp;quot;,0.9999079],PARAMETER[&amp;quot;Latitude_Of_Origin&amp;quot;,52.15616055555555],UNIT[&amp;quot;Meter&amp;quot;,1.0],AUTHORITY[&amp;quot;EPSG&amp;quot;,28992]]&lt;/WKT&gt;&lt;XOrigin&gt;-30515500&lt;/XOrigin&gt;&lt;YOrigin&gt;-30279500&lt;/YOrigin&gt;&lt;XYScale&gt;146716411.36275291&lt;/XYScale&gt;&lt;ZOrigin&gt;-100000&lt;/ZOrigin&gt;&lt;ZScale&gt;10000&lt;/ZScale&gt;&lt;MOrigin&gt;-100000&lt;/MOrigin&gt;&lt;MScale&gt;10000&lt;/MScale&gt;&lt;XYTolerance&gt;0.001&lt;/XYTolerance&gt;&lt;ZTolerance&gt;0.001&lt;/ZTolerance&gt;&lt;MTolerance&gt;0.001&lt;/MTolerance&gt;&lt;HighPrecision&gt;true&lt;/HighPrecision&gt;&lt;WKID&gt;28992&lt;/WKID&gt;&lt;LatestWKID&gt;28992&lt;/LatestWKID&gt;&lt;/ProjectedCoordinateSystem&gt;</peXml></coordRef></DataProperties><SyncDate>20220407</SyncDate><SyncTime>13480200</SyncTime><ModDate>20220407</ModDate><ModTime>13480200</ModTime></Esri><dataIdInfo><envirDesc Sync="TRUE">Microsoft Windows 10 Version 10.0 (Build 19042) ; Esri ArcGIS 12.8.3.29751</envirDesc><dataLang><languageCode value="nld" Sync="TRUE"></languageCode><countryCode value="NLD" Sync="TRUE"></countryCode></dataLang><idCitation><resTitle Sync="TRUE">verblijsobject_utrecht</resTitle><presForm><PresFormCd value="005" Sync="TRUE"></PresFormCd></presForm></idCitation><spatRpType><SpatRepTypCd value="001" Sync="TRUE"></SpatRepTypCd></spatRpType></dataIdInfo><mdLang><languageCode value="nld" Sync="TRUE"></languageCode><countryCode value="NLD" Sync="TRUE"></countryCode></mdLang><distInfo><distFormat><formatName Sync="TRUE">Shapefile</formatName></distFormat><distTranOps><transSize Sync="TRUE">0.000</transSize></distTranOps></distInfo><mdHrLv><ScopeCd value="005" Sync="TRUE"></ScopeCd></mdHrLv><mdHrLvName Sync="TRUE">dataset</mdHrLvName><refSysInfo><RefSystem><refSysID><identCode code="28992" Sync="TRUE"></identCode><idCodeSpace Sync="TRUE">EPSG</idCodeSpace><idVersion Sync="TRUE">4.5(8.0.1)</idVersion></refSysID></RefSystem></refSysInfo><spatRepInfo><VectSpatRep><geometObjs Name="verblijsobject_utrecht"><geoObjTyp><GeoObjTypCd value="004" Sync="TRUE"></GeoObjTypCd></geoObjTyp><geoObjCnt Sync="TRUE">0</geoObjCnt></geometObjs><topLvl><TopoLevCd value="001" Sync="TRUE"></TopoLevCd></topLvl></VectSpatRep></spatRepInfo><spdoinfo><ptvctinf><esriterm Name="verblijsobject_utrecht"><efeatyp Sync="TRUE">Simple</efeatyp><efeageom code="1" Sync="TRUE"></efeageom><esritopo Sync="TRUE">FALSE</esritopo><efeacnt Sync="TRUE">0</efeacnt><spindex Sync="TRUE">FALSE</spindex><linrefer Sync="TRUE">TRUE</linrefer></esriterm></ptvctinf></spdoinfo><eainfo><detailed Name="verblijsobject_utrecht"><enttyp><enttypl Sync="TRUE">verblijsobject_utrecht</enttypl><enttypt Sync="TRUE">Feature Class</enttypt><enttypc Sync="TRUE">0</enttypc></enttyp><attr><attrlabl Sync="TRUE">FID</attrlabl><attalias Sync="TRUE">FID</attalias><attrtype Sync="TRUE">OID</attrtype><attwidth Sync="TRUE">4</attwidth><atprecis Sync="TRUE">0</atprecis><attscale Sync="TRUE">0</attscale><attrdef Sync="TRUE">Internal feature number.</attrdef><attrdefs Sync="TRUE">Esri</attrdefs><attrdomv><udom Sync="TRUE">Sequential unique whole numbers that are automatically generated.</udom></attrdomv></attr><attr><attrlabl Sync="TRUE">Shape</attrlabl><attalias Sync="TRUE">Shape</attalias><attrtype Sync="TRUE">Geometry</attrtype><attwidth Sync="TRUE">0</attwidth><atprecis Sync="TRUE">0</atprecis><attscale Sync="TRUE">0</attscale><attrdef Sync="TRUE">Feature geometry.</attrdef><attrdefs Sync="TRUE">Esri</attrdefs><attrdomv><udom Sync="TRUE">Coordinates defining the features.</udom></attrdomv></attr><attr><attrlabl Sync="TRUE">versieid</attrlabl><attalias Sync="TRUE">versieid</attalias><attrtype Sync="TRUE">String</attrtype><attwidth Sync="TRUE">26</attwidth><atprecis Sync="TRUE">0</atprecis><attscale Sync="TRUE">0</attscale></attr><attr><attrlabl Sync="TRUE">identifica</attrlabl><attalias Sync="TRUE">identifica</attalias><attrtype Sync="TRUE">String</attrtype><attwidth Sync="TRUE">16</attwidth><atprecis Sync="TRUE">0</atprecis><attscale Sync="TRUE">0</attscale></attr><attr><attrlabl Sync="TRUE">voorkomeni</attrlabl><attalias Sync="TRUE">voorkomeni</attalias><attrtype Sync="TRUE">Integer</attrtype><attwidth Sync="TRUE">10</attwidth><atprecis Sync="TRUE">10</atprecis><attscale Sync="TRUE">0</attscale></attr><attr><attrlabl Sync="TRUE">oppervlakt</attrlabl><attalias Sync="TRUE">oppervlakt</attalias><attrtype Sync="TRUE">Integer</attrtype><attwidth Sync="TRUE">10</attwidth><atprecis Sync="TRUE">10</atprecis><attscale Sync="TRUE">0</attscale></attr><attr><attrlabl Sync="TRUE">gebruiksdo</attrlabl><attalias Sync="TRUE">gebruiksdo</attalias><attrtype Sync="TRUE">String</attrtype><attwidth Sync="TRUE">254</attwidth><atprecis Sync="TRUE">0</atprecis><attscale Sync="TRUE">0</attscale></attr><attr><attrlabl Sync="TRUE">gebruiks_1</attrlabl><attalias Sync="TRUE">gebruiks_1</attalias><attrtype Sync="TRUE">String</attrtype><attwidth Sync="TRUE">23</attwidth><atprecis Sync="TRUE">0</atprecis><attscale Sync="TRUE">0</attscale></attr><attr><attrlabl Sync="TRUE">gebr_woonf</attrlabl><attalias Sync="TRUE">gebr_woonf</attalias><attrtype Sync="TRUE">Integer</attrtype><attwidth Sync="TRUE">5</attwidth><atprecis Sync="TRUE">5</atprecis><attscale Sync="TRUE">0</attscale></attr><attr><attrlabl Sync="TRUE">gebr_bijee</attrlabl><attalias Sync="TRUE">gebr_bijee</attalias><attrtype Sync="TRUE">Integer</attrtype><attwidth Sync="TRUE">5</attwidth><atprecis Sync="TRUE">5</atprecis><attscale Sync="TRUE">0</attscale></attr><attr><attrlabl Sync="TRUE">gebr_celfu</attrlabl><attalias Sync="TRUE">gebr_celfu</attalias><attrtype Sync="TRUE">Integer</attrtype><attwidth Sync="TRUE">5</attwidth><atprecis Sync="TRUE">5</atprecis><attscale Sync="TRUE">0</attscale></attr><attr><attrlabl Sync="TRUE">gebr_gezon</attrlabl><attalias Sync="TRUE">gebr_gezon</attalias><attrtype Sync="TRUE">Integer</attrtype><attwidth Sync="TRUE">5</attwidth><atprecis Sync="TRUE">5</atprecis><attscale Sync="TRUE">0</attscale></attr><attr><attrlabl Sync="TRUE">gebr_indus</attrlabl><attalias Sync="TRUE">gebr_indus</attalias><attrtype Sync="TRUE">Integer</attrtype><attwidth Sync="TRUE">5</attwidth><atprecis Sync="TRUE">5</atprecis><attscale Sync="TRUE">0</attscale></attr><attr><attrlabl Sync="TRUE">gebr_kanto</attrlabl><attalias Sync="TRUE">gebr_kanto</attalias><attrtype Sync="TRUE">Integer</attrtype><attwidth Sync="TRUE">5</attwidth><atprecis Sync="TRUE">5</atprecis><attscale Sync="TRUE">0</attscale></attr><attr><attrlabl Sync="TRUE">gebr_logie</attrlabl><attalias Sync="TRUE">gebr_logie</attalias><attrtype Sync="TRUE">Integer</attrtype><attwidth Sync="TRUE">5</attwidth><atprecis Sync="TRUE">5</atprecis><attscale Sync="TRUE">0</attscale></attr><attr><attrlabl Sync="TRUE">gebr_onder</attrlabl><attalias Sync="TRUE">gebr_onder</attalias><attrtype Sync="TRUE">Integer</attrtype><attwidth Sync="TRUE">5</attwidth><atprecis Sync="TRUE">5</atprecis><attscale Sync="TRUE">0</attscale></attr><attr><attrlabl Sync="TRUE">gebr_sport</attrlabl><attalias Sync="TRUE">gebr_sport</attalias><attrtype Sync="TRUE">Integer</attrtype><attwidth Sync="TRUE">5</attwidth><atprecis Sync="TRUE">5</atprecis><attscale Sync="TRUE">0</attscale></attr><attr><attrlabl Sync="TRUE">gebr_winke</attrlabl><attalias Sync="TRUE">gebr_winke</attalias><attrtype Sync="TRUE">Integer</attrtype><attwidth Sync="TRUE">5</attwidth><atprecis Sync="TRUE">5</atprecis><attscale Sync="TRUE">0</attscale></attr><attr><attrlabl Sync="TRUE">gebr_overi</attrlabl><attalias Sync="TRUE">gebr_overi</attalias><attrtype Sync="TRUE">Integer</attrtype><attwidth Sync="TRUE">5</attwidth><atprecis Sync="TRUE">5</atprecis><attscale Sync="TRUE">0</attscale></attr><attr><attrlabl Sync="TRUE">geconstate</attrlabl><attalias Sync="TRUE">geconstate</attalias><attrtype Sync="TRUE">String</attrtype><attwidth Sync="TRUE">1</attwidth><atprecis Sync="TRUE">0</atprecis><attscale Sync="TRUE">0</attscale></attr><attr><attrlabl Sync="TRUE">status</attrlabl><attalias Sync="TRUE">status</attalias><attrtype Sync="TRUE">String</attrtype><attwidth Sync="TRUE">80</attwidth><atprecis Sync="TRUE">0</atprecis><attscale Sync="TRUE">0</attscale></attr><attr><attrlabl Sync="TRUE">begingeldi</attrlabl><attalias Sync="TRUE">begingeldi</attalias><attrtype Sync="TRUE">String</attrtype><attwidth Sync="TRUE">10</attwidth><atprecis Sync="TRUE">0</atprecis><attscale Sync="TRUE">0</attscale></attr><attr><attrlabl Sync="TRUE">eindgeldig</attrlabl><attalias Sync="TRUE">eindgeldig</attalias><attrtype Sync="TRUE">String</attrtype><attwidth Sync="TRUE">10</attwidth><atprecis Sync="TRUE">0</atprecis><attscale Sync="TRUE">0</attscale></attr><attr><attrlabl Sync="TRUE">documentda</attrlabl><attalias Sync="TRUE">documentda</attalias><attrtype Sync="TRUE">String</attrtype><attwidth Sync="TRUE">10</attwidth><atprecis Sync="TRUE">0</atprecis><attscale Sync="TRUE">0</attscale></attr><attr><attrlabl Sync="TRUE">documentnu</attrlabl><attalias Sync="TRUE">documentnu</attalias><attrtype Sync="TRUE">String</attrtype><attwidth Sync="TRUE">40</attwidth><atprecis Sync="TRUE">0</atprecis><attscale Sync="TRUE">0</attscale></attr><attr><attrlabl Sync="TRUE">tijdstipre</attrlabl><attalias Sync="TRUE">tijdstipre</attalias><attrtype Sync="TRUE">String</attrtype><attwidth Sync="TRUE">23</attwidth><atprecis Sync="TRUE">0</atprecis><attscale Sync="TRUE">0</attscale></attr><attr><attrlabl Sync="TRUE">eindregist</attrlabl><attalias Sync="TRUE">eindregist</attalias><attrtype Sync="TRUE">String</attrtype><attwidth Sync="TRUE">23</attwidth><atprecis Sync="TRUE">0</atprecis><attscale Sync="TRUE">0</attscale></attr><attr><attrlabl Sync="TRUE">tijdstip_1</attrlabl><attalias Sync="TRUE">tijdstip_1</attalias><attrtype Sync="TRUE">String</attrtype><attwidth Sync="TRUE">23</attwidth><atprecis Sync="TRUE">0</atprecis><attscale Sync="TRUE">0</attscale></attr><attr><attrlabl Sync="TRUE">tijdstipei</attrlabl><attalias Sync="TRUE">tijdstipei</attalias><attrtype Sync="TRUE">String</attrtype><attwidth Sync="TRUE">23</attwidth><atprecis Sync="TRUE">0</atprecis><attscale Sync="TRUE">0</attscale></attr><attr><attrlabl Sync="TRUE">hoofdadres</attrlabl><attalias Sync="TRUE">hoofdadres</attalias><attrtype Sync="TRUE">String</attrtype><attwidth Sync="TRUE">16</attwidth><atprecis Sync="TRUE">0</atprecis><attscale Sync="TRUE">0</attscale></attr><attr><attrlabl Sync="TRUE">geometriet</attrlabl><attalias Sync="TRUE">geometriet</attalias><attrtype Sync="TRUE">String</attrtype><attwidth Sync="TRUE">4</attwidth><atprecis Sync="TRUE">0</atprecis><attscale Sync="TRUE">0</attscale></attr></detailed></eainfo><mdDateSt Sync="TRUE">20220407</mdDateSt></metadata>
